StartDate,EndDate,Status,Progress,Duration (in seconds),Finished,RecordedDate,ResponseId,DistributionChannel,UserLanguage,ID,Random ID
2024-07-08 1:24:07,2024-07-08 1:24:17,0,100,9,1,2024-07-08 1:24,R_4NVSOUaUPP7xIf1,anonymous,HE,133,67340
2024-07-08 1:48:37,2024-07-08 1:48:45,0,100,7,1,2024-07-08 1:48,R_225QFjnMWujnDo3,anonymous,HE,661,22434
2024-07-08 2:09:54,2024-07-08 2:10:16,0,100,21,1,2024-07-08 2:10,R_2rut3co6fAZONZO,anonymous,HE,721,77494
2024-07-08 0:11:52,2024-07-08 0:12:08,0,100,16,1,2024-07-08 0:12,R_4hfkAldTT3H0DL3,anonymous,HE,724,57711
2024-07-09 2:14:50,2024-07-09 2:15:09,0,100,19,1,2024-07-09 2:15,R_2Xcx5ksckHH4GrI,anonymous,HE,1279,84287
2024-07-08 10:27:55,2024-07-08 10:28:31,0,100,36,1,2024-07-08 10:28,R_4X6bP6M2EWIcJoI,anonymous,HE,1865,78246
2024-07-07 14:19:32,2024-07-07 14:20:04,0,100,31,1,2024-07-07 14:20,R_4rSTmxv8fpWQ5EJ,anonymous,HE,3358,12834
2024-07-08 2:36:33,2024-07-08 2:36:51,0,100,17,1,2024-07-08 2:36,R_4HmmSFesKRtSBNv,anonymous,HE,3640,93218
2024-07-07 23:57:46,2024-07-07 23:58:00,0,100,13,1,2024-07-07 23:58,R_4IXLnkZRBVq9rhk,anonymous,HE,4838,79140
2024-07-08 6:54:12,2024-07-08 6:54:23,0,100,10,1,2024-07-08 6:54,R_2iy75FQTW8gv096,anonymous,HE,4851,30947
2024-07-09 3:46:19,2024-07-09 3:46:47,0,100,28,1,2024-07-09 3:46,R_2DqJCiX8gclyBpb,anonymous,HE,4851,33542
2024-07-08 2:25:23,2024-07-08 2:25:37,0,100,13,1,2024-07-08 2:25,R_8ASG4fuvb8lbtaY,anonymous,HE,5755,44528
2024-07-08 1:14:45,2024-07-08 1:15:09,0,100,24,1,2024-07-08 1:15,R_4IodmgdECyJGD2G,anonymous,HE,6829,72317
2024-07-08 2:31:44,2024-07-08 2:32:06,0,100,22,1,2024-07-08 2:32,R_2duMnnBPPf9AOVH,anonymous,HE,6847,66175
2024-07-08 14:06:00,2024-07-08 14:06:08,0,100,8,1,2024-07-08 14:06,R_2HoSOjN0TPxK4kG,anonymous,HE,7158,58602
2024-07-09 2:05:52,2024-07-09 2:06:19,0,100,26,1,2024-07-09 2:06,R_4dL9xaKnHXQSik1,anonymous,HE,7820,80862
2024-07-08 10:30:20,2024-07-08 10:30:44,0,100,24,1,2024-07-08 10:30,R_4U9xCEwe81W8fkZ,anonymous,HE,8259,13955
2024-07-08 1:20:12,2024-07-08 1:20:29,0,100,17,1,2024-07-08 1:20,R_21jOzmedc3d4iuR,anonymous,HE,8332,11436
2024-07-08 15:35:38,2024-07-08 15:36:04,0,100,25,1,2024-07-08 15:36,R_4aVHO1KODkCJycV,anonymous,HE,8533,80181
2024-07-07 14:16:55,2024-07-07 14:17:05,0,100,9,1,2024-07-07 14:17,R_2EFxaM4Ue9jWnBx,anonymous,HE,8737,13512
2024-07-10 2:56:37,2024-07-10 2:56:48,0,100,11,1,2024-07-10 2:56,R_8mrAOZQuNaQDHVf,anonymous,HE,8960,24648
2024-07-10 2:09:21,2024-07-10 2:09:40,0,100,18,1,2024-07-10 2:09,R_8oSCXzrO5suMUHA,anonymous,HE,9229,69175
2024-07-07 23:18:20,2024-07-07 23:18:33,0,100,12,1,2024-07-07 23:18,R_2zB4CsjGWmqOvu1,anonymous,HE,9597,64394
2024-07-08 2:10:09,2024-07-08 2:10:27,0,100,17,1,2024-07-08 2:10,R_2BbcGPq07r9jOK8,anonymous,HE,9700,72624
2024-07-10 8:59:48,2024-07-10 8:59:59,0,100,11,1,2024-07-10 8:59,R_22mPGMm3nmNowh7,anonymous,HE,9700,43264
2024-07-09 9:13:23,2024-07-09 9:13:34,0,100,10,1,2024-07-09 9:13,R_4QY2TohOnFpD7o5,anonymous,HE,11306,15998
2024-07-08 10:43:11,2024-07-08 10:43:21,0,100,10,1,2024-07-08 10:43,R_4uS2BHUsOG1CCo9,anonymous,HE,11328,70518
2024-07-08 1:52:58,2024-07-08 1:53:06,0,100,8,1,2024-07-08 1:53,R_48zG0NUz6a2a8RW,anonymous,HE,11641,99990
2024-07-07 14:35:34,2024-07-07 14:35:42,0,100,7,1,2024-07-07 14:35,R_4BX9yQ9k78b4e66,anonymous,HE,12654,76621
2024-07-11 3:25:04,2024-07-11 3:25:22,0,100,18,1,2024-07-11 3:25,R_4cw2Td1c5CFu84Z,anonymous,HE,12991,50250
2024-07-09 1:38:31,2024-07-09 1:39:29,0,100,57,1,2024-07-09 1:39,R_4egxPdjx2WChon7,anonymous,HE,13189,86822
2024-07-07 15:21:01,2024-07-07 15:21:21,0,100,20,1,2024-07-07 15:21,R_2iwEvrxPttbOHoR,anonymous,HE,13215,55514
2024-07-09 0:47:58,2024-07-09 0:48:11,0,100,13,1,2024-07-09 0:48,R_40ItVZ5YA1xooYr,anonymous,HE,13268,66464
2024-07-08 5:18:53,2024-07-08 5:19:07,0,100,13,1,2024-07-08 5:19,R_8PigvFxv0S4MwiR,anonymous,HE,13828,31506
2024-07-10 3:14:52,2024-07-10 3:15:06,0,100,14,1,2024-07-10 3:15,R_2cIGKySeuIvsBc5,anonymous,HE,13876,84196
2024-07-08 14:29:13,2024-07-08 14:29:24,0,100,11,1,2024-07-08 14:29,R_47kxWCA31PsA2Xr,anonymous,HE,14256,13986
2024-07-08 2:27:31,2024-07-08 2:27:47,0,100,16,1,2024-07-08 2:27,R_4mseQxJbrsOXEdI,anonymous,HE,15049,33554
2024-07-09 7:18:05,2024-07-09 7:18:22,0,100,17,1,2024-07-09 7:18,R_4gZyO37nv2K6gIf,anonymous,HE,15591,66118
2024-07-08 1:08:18,2024-07-08 1:08:43,0,100,25,1,2024-07-08 1:08,R_8UW5QpuOaghSA5P,anonymous,HE,16228,69762
2024-07-08 0:05:49,2024-07-08 0:06:14,0,100,25,1,2024-07-08 0:06,R_4tM7bfkx1K3WjIO,anonymous,HE,16714,63730
2024-07-07 15:34:29,2024-07-07 15:34:40,0,100,11,1,2024-07-07 15:34,R_2G304gLYzR1CHIZ,anonymous,HE,18592,94568
2024-07-08 1:09:42,2024-07-08 1:09:50,0,100,8,1,2024-07-08 1:09,R_2F9QTXIR3hFhdi0,anonymous,HE,18841,92878
2024-07-09 5:17:52,2024-07-09 5:17:59,0,100,6,1,2024-07-09 5:17,R_86eSG9HJRqQxP4l,anonymous,HE,18841,33195
2024-07-08 5:29:38,2024-07-08 5:29:55,0,100,16,1,2024-07-08 5:29,R_8qE6eBB31cIM7gY,anonymous,HE,18920,97125
2024-07-08 1:26:32,2024-07-08 1:26:43,0,100,11,1,2024-07-08 1:26,R_4mlmQD8rHfibLMd,anonymous,HE,20412,79519
2024-07-09 22:52:47,2024-07-09 22:53:32,0,100,45,1,2024-07-09 22:53,R_8s5cH9qP9kJbG9G,anonymous,HE,20949,43496
2024-07-10 4:43:12,2024-07-10 4:43:36,0,100,24,1,2024-07-10 4:43,R_4H0PU3MLpzC7ppN,anonymous,HE,21082,60957
2024-07-08 6:34:24,2024-07-08 6:34:32,0,100,8,1,2024-07-08 6:34,R_8Au1sXG7ZmDkfPH,anonymous,HE,21506,56141
2024-07-08 12:05:52,2024-07-08 12:06:49,0,100,56,1,2024-07-08 12:06,R_4JfQYWDrP3NB1o3,anonymous,HE,22206,25285
2024-07-08 2:25:24,2024-07-08 2:25:34,0,100,9,1,2024-07-08 2:25,R_2M9UpzVNcttelfL,anonymous,HE,22563,42748
2024-07-09 10:22:23,2024-07-09 10:22:31,0,100,7,1,2024-07-09 10:22,R_4DmyHNMcQtvsL1D,anonymous,HE,22563,80311
2024-07-09 2:11:05,2024-07-09 2:11:34,0,100,29,1,2024-07-09 2:11,R_2xH057EnTr5fM8F,anonymous,HE,22837,25904
2024-07-08 1:47:15,2024-07-08 1:47:40,0,100,24,1,2024-07-08 1:47,R_2jW8zNdrRoUAFs5,anonymous,HE,22842,83229
2024-07-08 9:29:46,2024-07-08 9:30:12,0,100,26,1,2024-07-08 9:30,R_4NFoSmFClVlIIwD,anonymous,HE,22972,55235
2024-07-09 5:01:09,2024-07-09 5:01:25,0,100,16,1,2024-07-09 5:01,R_8mIxF59oVqy5k44,anonymous,HE,22972,69562
2024-07-08 1:47:35,2024-07-08 1:47:45,0,100,10,1,2024-07-08 1:47,R_4hzdXHrWLifMn60,anonymous,HE,23187,82586
2024-07-09 2:09:32,2024-07-09 2:09:45,0,100,12,1,2024-07-09 2:09,R_8yktox8R86lq6dj,anonymous,HE,23667,22738
2024-07-09 5:57:08,2024-07-09 5:57:24,0,100,15,1,2024-07-09 5:57,R_2Iuz7EYd9mwcgpZ,anonymous,HE,23699,25334
2024-07-08 1:46:29,2024-07-08 1:46:38,0,100,8,1,2024-07-08 1:46,R_41nOO6yxIVEXCjX,anonymous,HE,23911,82188
2024-07-08 1:05:02,2024-07-08 1:05:14,0,100,11,1,2024-07-08 1:05,R_2aSwE8qbdneZxG9,anonymous,HE,24733,69018
2024-07-08 0:51:21,2024-07-08 0:51:36,0,100,14,1,2024-07-08 0:51,R_4sHQ9K0ighEArAJ,anonymous,HE,26043,54157
2024-07-07 15:31:27,2024-07-07 15:31:46,0,100,19,1,2024-07-07 15:31,R_4XM0jeQwvfl6XDP,anonymous,HE,26596,21692
2024-07-08 1:05:25,2024-07-08 1:05:39,0,100,14,1,2024-07-08 1:05,R_4TQQkABES75q5yC,anonymous,HE,26707,28912
2024-07-09 1:18:23,2024-07-09 1:18:31,0,100,8,1,2024-07-09 1:18,R_2l3KzcYNZwh6mu0,anonymous,HE,26707,99587
2024-07-09 1:41:50,2024-07-09 1:42:08,0,100,17,1,2024-07-09 1:42,R_2l35wewKJ10E3zH,anonymous,HE,26821,18523
2024-07-08 2:35:25,2024-07-08 2:35:36,0,100,11,1,2024-07-08 2:35,R_4hyVorzcQC2AHDM,anonymous,HE,27151,44948
2024-07-08 1:41:51,2024-07-08 1:42:01,0,100,9,1,2024-07-08 1:42,R_8pnWCOKQvmPsXQt,anonymous,HE,27765,28368
2024-07-08 2:15:42,2024-07-08 2:16:06,0,100,24,1,2024-07-08 2:16,R_2VwneWegC0A4gYu,anonymous,HE,27989,90068
2024-07-09 3:52:19,2024-07-09 3:52:41,0,100,22,1,2024-07-09 3:52,R_4qxfIHh5Uk7Ca7h,anonymous,HE,28183,10954
2024-07-10 10:10:51,2024-07-10 10:11:22,0,100,31,1,2024-07-10 10:11,R_4T925DXjvV7DfsR,anonymous,HE,28183,19387
2024-07-08 1:21:15,2024-07-08 1:21:35,0,100,19,1,2024-07-08 1:21,R_2Jsjm4Sm9BcGmfW,anonymous,HE,28555,92388
2024-07-09 4:57:50,2024-07-09 4:58:03,0,100,13,1,2024-07-09 4:58,R_4gT67vLEbEpOasw,anonymous,HE,29425,43521
2024-07-08 1:50:53,2024-07-08 1:53:24,0,100,150,1,2024-07-08 1:53,R_43s7ln1UN8HZAoF,anonymous,HE,29561,88309
2024-07-09 10:14:13,2024-07-09 10:14:23,0,100,9,1,2024-07-09 10:14,R_27y5AzLONucJ6RH,anonymous,HE,29561,19232
2024-07-08 4:47:59,2024-07-08 4:48:36,0,100,36,1,2024-07-08 4:48,R_40rahrhb1655cik,anonymous,HE,29850,70248
2024-07-08 4:49:19,2024-07-08 4:49:33,0,100,14,1,2024-07-08 4:49,R_4IAUOOtqGLyoEvh,anonymous,HE,29850,42495
2024-07-08 3:42:42,2024-07-08 3:43:01,0,100,18,1,2024-07-08 3:43,R_2gV1CesgXU4xfJp,anonymous,HE,30035,90186
2024-07-07 23:35:18,2024-07-07 23:35:36,0,100,18,1,2024-07-07 23:35,R_81X9jLkmoaLSv4q,anonymous,HE,30242,56987
2024-07-10 6:23:05,2024-07-10 6:23:14,0,100,9,1,2024-07-10 6:23,R_8f1GAopap7FApW4,anonymous,HE,31168,27827
2024-07-10 3:24:02,2024-07-10 3:24:22,0,100,19,1,2024-07-10 3:24,R_4i4DralPlTiF4OC,anonymous,HE,32101,32659
2024-07-10 10:13:42,2024-07-10 10:13:51,0,100,9,1,2024-07-10 10:13,R_4EeRWEbSIdoxMZP,anonymous,HE,32101,89964
2024-07-09 11:39:11,2024-07-09 11:39:36,0,100,25,1,2024-07-09 11:39,R_2nz62ZIiwy4hPdD,anonymous,HE,32377,68410
2024-07-10 1:56:50,2024-07-10 1:57:00,0,100,10,1,2024-07-10 1:57,R_40Mw9XJs70rjJSM,anonymous,HE,33522,18442
2024-07-11 3:47:59,2024-07-11 3:48:18,0,100,18,1,2024-07-11 3:48,R_8qgoXciyjW60r34,anonymous,HE,34693,74416
2024-07-08 0:36:55,2024-07-08 0:37:23,0,100,27,1,2024-07-08 0:37,R_4e1XkdPsdjKGaBG,anonymous,HE,34743,81129
2024-07-11 4:48:50,2024-07-11 4:49:06,0,100,16,1,2024-07-11 4:49,R_814IIeOCWAk8SdB,anonymous,HE,34755,99085
2024-07-07 23:56:08,2024-07-07 23:56:45,0,100,37,1,2024-07-07 23:56,R_4kLlSOMIoPoOrUa,anonymous,HE,35177,40199
2024-07-09 2:50:29,2024-07-09 2:50:38,0,100,9,1,2024-07-09 2:50,R_8L7tPljaovP6sBb,anonymous,HE,35177,40631
2024-07-07 22:32:53,2024-07-07 22:33:26,0,100,32,1,2024-07-07 22:33,R_20MFgfdKtRU9REG,anonymous,HE,35502,96712
2024-07-09 9:16:12,2024-07-09 9:16:28,0,100,16,1,2024-07-09 9:16,R_4fi2hBix0d5ByVP,anonymous,HE,35573,82373
2024-07-08 0:34:33,2024-07-08 0:34:41,0,100,7,1,2024-07-08 0:34,R_8T8LcCUhQovsZFv,anonymous,HE,36311,46563
2024-07-08 1:11:44,2024-07-08 1:12:10,0,100,25,1,2024-07-08 1:12,R_8zNqTJmOsDTD8C3,anonymous,HE,36469,18469
2024-07-08 0:38:15,2024-07-08 0:38:32,0,100,16,1,2024-07-08 0:38,R_41dWalq2nX6vVki,anonymous,HE,36900,31038
2024-07-08 1:44:38,2024-07-08 1:44:50,0,100,11,1,2024-07-08 1:44,R_4aGyxWrqPs1q5B7,anonymous,HE,38288,31666
2024-07-08 11:53:14,2024-07-08 11:53:33,0,100,18,1,2024-07-08 11:53,R_4mePMWwvJsRtPl7,anonymous,HE,38403,60169
2024-07-08 2:44:11,2024-07-08 2:44:47,0,100,35,1,2024-07-08 2:44,R_8BhAk5uJWiCSOT7,anonymous,HE,39060,64033
2024-07-08 2:52:35,2024-07-08 2:52:50,0,100,15,1,2024-07-08 2:52,R_2eawyKeLNyUo15R,anonymous,HE,39060,43452
2024-07-09 2:06:10,2024-07-09 2:06:21,0,100,11,1,2024-07-09 2:06,R_21dzPbLxGavx4mf,anonymous,HE,39216,35469
2024-07-08 2:43:25,2024-07-08 2:43:33,0,100,8,1,2024-07-08 2:43,R_84xbzp8YQbTHtXr,anonymous,HE,39537,89884
2024-07-08 2:43:49,2024-07-08 2:43:55,0,100,5,1,2024-07-08 2:43,R_27OwH0zNLpJtTv7,anonymous,HE,39537,17444
2024-07-07 14:39:22,2024-07-07 14:40:04,0,100,42,1,2024-07-07 14:40,R_2fHIkslI4HP0J8a,anonymous,HE,42930,91908
2024-07-08 1:26:19,2024-07-08 1:26:35,0,100,15,1,2024-07-08 1:26,R_2rwmwyFY1gsue2l,anonymous,HE,43285,95336
2024-07-09 2:21:24,2024-07-09 2:21:35,0,100,10,1,2024-07-09 2:21,R_21TcRxd9UXcqQCU,anonymous,HE,43825,54902
2024-07-09 4:51:52,2024-07-09 4:52:06,0,100,14,1,2024-07-09 4:52,R_47D2WZwaYw0djlN,anonymous,HE,44047,51062
2024-07-10 13:25:01,2024-07-10 13:25:14,0,100,13,1,2024-07-10 13:25,R_42lcuRYGkXuGY7f,anonymous,HE,44047,90578
2024-07-07 23:21:59,2024-07-07 23:22:09,0,100,10,1,2024-07-07 23:22,R_8ePqOUGZKCZrMJQ,anonymous,HE,44118,31841
2024-07-09 10:37:10,2024-07-09 10:37:15,0,100,5,1,2024-07-09 10:37,R_8HGndDEPHXC7zLJ,anonymous,HE,44118,50009
2024-07-08 0:34:25,2024-07-08 0:34:37,0,100,12,1,2024-07-08 0:34,R_42KJ6Cr5kEG4hUK,anonymous,HE,45701,20433
2024-07-11 4:52:54,2024-07-11 4:53:10,0,100,16,1,2024-07-11 4:53,R_4404jXnbGUagybj,anonymous,HE,47036,93985
2024-07-08 2:37:20,2024-07-08 2:37:30,0,100,9,1,2024-07-08 2:37,R_8EgIJtRi8gr9PQt,anonymous,HE,48996,41745
2024-07-08 0:20:13,2024-07-08 0:20:28,0,100,15,1,2024-07-08 0:20,R_2G1UVEYN1N0QfnI,anonymous,HE,49703,50794
2024-07-08 1:15:14,2024-07-08 1:15:21,0,100,7,1,2024-07-08 1:15,R_8ykB6eQzNaa0s72,anonymous,HE,49703,59746
2024-07-10 11:57:31,2024-07-10 11:57:39,0,100,7,1,2024-07-10 11:57,R_4lE51SZhhsjwvFM,anonymous,HE,49703,99600
2024-07-08 10:51:43,2024-07-08 10:52:59,0,100,76,1,2024-07-08 10:53,R_4PLGg2SanaNkzcJ,anonymous,HE,50032,94957
2024-07-08 9:49:15,2024-07-08 9:49:23,0,100,8,1,2024-07-08 9:49,R_8ui1AiwiAu9j2Ct,anonymous,HE,50060,67765
2024-07-07 23:26:24,2024-07-07 23:27:35,0,100,71,1,2024-07-07 23:27,R_8sH9iRlr04EjCW5,anonymous,HE,50812,13203
2024-07-09 8:56:22,2024-07-09 8:56:37,0,100,15,1,2024-07-09 8:56,R_4JKdKvhW7sKsJaN,anonymous,HE,50812,57836
2024-07-09 23:44:09,2024-07-09 23:44:28,0,100,18,1,2024-07-09 23:44,R_4flYk0zCDNNDfbU,anonymous,HE,51039,44746
2024-07-10 6:27:26,2024-07-10 6:27:34,0,100,8,1,2024-07-10 6:27,R_4WJRoB63eJbKjUl,anonymous,HE,51039,41628
2024-07-08 0:41:53,2024-07-08 0:42:07,0,100,13,1,2024-07-08 0:42,R_4F3gytKGHM7BGzy,anonymous,HE,51237,81326
2024-07-08 0:42:15,2024-07-08 0:42:33,0,100,18,1,2024-07-08 0:42,R_8ojYoYsezRcEc7f,anonymous,HE,51586,20296
2024-07-08 1:35:22,2024-07-08 1:35:32,0,100,10,1,2024-07-08 1:35,R_4dhDgBQszBNumP8,anonymous,HE,51586,80771
2024-07-07 18:44:37,2024-07-07 18:44:50,0,100,13,1,2024-07-07 18:44,R_4mETbbjhBffcxzz,anonymous,HE,52095,39585
2024-07-07 23:27:57,2024-07-07 23:28:13,0,100,15,1,2024-07-07 23:28,R_2m81aI1uiclDSMU,anonymous,HE,52291,38212
2024-07-10 5:04:04,2024-07-10 5:04:25,0,100,21,1,2024-07-10 5:04,R_4TXzLDRwUuvYArZ,anonymous,HE,52900,54847
2024-07-08 0:56:28,2024-07-08 0:56:34,0,100,6,1,2024-07-08 0:56,R_81q4wD8OrHpBZsd,anonymous,HE,53316,83098
2024-07-09 1:35:55,2024-07-09 1:36:12,0,100,16,1,2024-07-09 1:36,R_2j15iHh4Sw7wgql,anonymous,HE,53419,66057
2024-07-08 2:33:57,2024-07-08 2:34:11,0,100,14,1,2024-07-08 2:34,R_4XD8VwSIcQ1unn3,anonymous,HE,53544,62369
2024-07-11 0:43:32,2024-07-11 0:43:51,0,100,19,1,2024-07-11 0:43,R_400tZclOYPfDS57,anonymous,HE,53600,12824
2024-07-08 3:31:13,2024-07-08 3:31:28,0,100,15,1,2024-07-08 3:31,R_8P5pFb42jyrwbOD,anonymous,HE,53907,20046
2024-07-08 0:23:29,2024-07-08 0:23:45,0,100,16,1,2024-07-08 0:23,R_248iqC02phgnvS2,anonymous,HE,54002,54457
2024-07-10 3:23:57,2024-07-10 3:24:13,0,100,15,1,2024-07-10 3:24,R_8YS6u1rY14Zu1xm,anonymous,HE,54466,48380
2024-07-08 1:58:10,2024-07-08 1:58:18,0,100,7,1,2024-07-08 1:58,R_4Cenx9V825RPbnX,anonymous,HE,54940,49051
2024-07-08 9:59:45,2024-07-08 10:00:17,0,100,32,1,2024-07-08 10:00,R_4uqWI1G5T7dEAp3,anonymous,HE,55796,32580
2024-07-08 1:05:44,2024-07-08 1:06:50,0,100,65,1,2024-07-08 1:06,R_4d0oBushywSYGTk,anonymous,HE,58675,55206
2024-07-07 23:21:23,2024-07-07 23:21:55,0,100,31,1,2024-07-07 23:21,R_24dglqkkQ7zOkTQ,anonymous,HE,59418,81571
2024-07-09 9:26:20,2024-07-09 9:27:00,0,100,39,1,2024-07-09 9:27,R_4CfH1kOL99fuZVs,anonymous,HE,59418,88406
2024-07-08 5:50:52,2024-07-08 5:51:04,0,100,11,1,2024-07-08 5:51,R_8l0soe65bwUO1dT,anonymous,HE,59427,20200
2024-07-08 10:39:56,2024-07-08 10:40:13,0,100,16,1,2024-07-08 10:40,R_4fxjWSZhEKTcEsB,anonymous,HE,60770,86230
2024-07-10 10:18:18,2024-07-10 10:18:29,0,100,10,1,2024-07-10 10:18,R_4rr7gpfn88M2okw,anonymous,HE,60770,77551
2024-07-10 15:30:37,2024-07-10 15:31:07,0,100,29,1,2024-07-10 15:31,R_4kcG32cXpiF097b,anonymous,HE,61047,40543
2024-07-08 2:25:55,2024-07-08 2:26:20,0,100,24,1,2024-07-08 2:26,R_8me11CYIxqWxCTf,anonymous,HE,61180,20886
2024-07-11 3:05:56,2024-07-11 3:06:09,0,100,12,1,2024-07-11 3:06,R_2abLnSnIeoPawUx,anonymous,HE,61180,83359
2024-07-11 3:10:41,2024-07-11 3:10:49,0,100,8,1,2024-07-11 3:10,R_8me0J9OWxQX4jiq,anonymous,HE,61180,55225
2024-07-08 2:08:50,2024-07-08 2:08:59,0,100,9,1,2024-07-08 2:08,R_2z79Pb9Dtg00FXa,anonymous,HE,61482,29937
2024-07-08 3:44:07,2024-07-08 3:44:35,0,100,27,1,2024-07-08 3:44,R_41zfhwIexHfVf4F,anonymous,HE,61688,95378
2024-07-08 3:18:51,2024-07-08 3:19:21,0,100,30,1,2024-07-08 3:19,R_8wakmySlwjqUH8I,anonymous,HE,61960,66545
2024-07-08 2:48:01,2024-07-08 2:48:17,0,100,16,1,2024-07-08 2:48,R_82QKsM5IfzwjHjK,anonymous,HE,62201,28299
2024-07-08 4:03:00,2024-07-08 4:03:06,0,100,5,1,2024-07-08 4:03,R_4MhVcfSqA8kmj7p,anonymous,HE,62201,95679
2024-07-08 2:18:01,2024-07-08 2:18:16,0,100,14,1,2024-07-08 2:18,R_4ZHRiqCNPE9WFEG,anonymous,HE,62364,31198
2024-07-09 23:37:15,2024-07-09 23:37:46,0,100,30,1,2024-07-09 23:37,R_2QxRRB0405ydTHP,anonymous,HE,62469,80342
2024-07-10 0:09:45,2024-07-10 0:09:56,0,100,10,1,2024-07-10 0:09,R_2Gv2ystM9MU2yMh,anonymous,HE,63279,43257
2024-07-08 2:40:03,2024-07-08 2:40:14,0,100,11,1,2024-07-08 2:40,R_2LYFnpEps2p9Qt7,anonymous,HE,64467,75988
2024-07-10 0:33:19,2024-07-10 0:33:29,0,100,10,1,2024-07-10 0:33,R_4XdqrtkrEQlSnfX,anonymous,HE,64467,81178
2024-07-08 2:04:06,2024-07-08 2:04:21,0,100,15,1,2024-07-08 2:04,R_83uG4zj0iSzGhvH,anonymous,HE,64999,15192
2024-07-09 6:31:13,2024-07-09 6:31:35,0,100,21,1,2024-07-09 6:31,R_4T0rhks5T5Zp3Zn,anonymous,HE,65206,88602
2024-07-10 6:08:41,2024-07-10 6:08:52,0,100,10,1,2024-07-10 6:08,R_4Em9MZj7arpFIJx,anonymous,HE,65206,80777
2024-07-09 5:33:02,2024-07-09 5:33:52,0,100,50,1,2024-07-09 5:33,R_4YzGRYrUksLEQ4H,anonymous,HE,65213,24169
2024-07-10 9:48:46,2024-07-10 9:49:07,0,100,20,1,2024-07-10 9:49,R_8x1JCO1eLFLrQxb,anonymous,HE,65536,77214
2024-07-07 14:15:54,2024-07-07 14:16:04,0,100,9,1,2024-07-07 14:16,R_4SrAvxNTa5nFgeV,anonymous,HE,65669,18560
2024-07-09 2:04:08,2024-07-09 2:04:25,0,100,16,1,2024-07-09 2:04,R_8feez3VTgS6gZXZ,anonymous,HE,66110,39288
2024-07-08 2:26:22,2024-07-08 2:26:39,0,100,17,1,2024-07-08 2:26,R_2Jralywjud0OVGq,anonymous,HE,66134,63864
2024-07-10 1:51:52,2024-07-10 1:52:13,0,100,20,1,2024-07-10 1:52,R_2ob49XrpJcypScV,anonymous,HE,66198,66909
2024-07-08 1:58:54,2024-07-08 1:59:13,0,100,19,1,2024-07-08 1:59,R_4gvTobjN13BkPjr,anonymous,HE,66437,10611
2024-07-08 1:09:43,2024-07-08 1:10:02,0,100,18,1,2024-07-08 1:10,R_4oGtMK4GEKvrpDC,anonymous,HE,66527,26561
2024-07-08 1:12:35,2024-07-08 1:12:47,0,100,11,1,2024-07-08 1:12,R_8q1KoF8pEljiLhQ,anonymous,HE,67087,37478
2024-07-08 0:21:10,2024-07-08 0:21:30,0,100,19,1,2024-07-08 0:21,R_4RgymYXcJBuIJdx,anonymous,HE,67611,23712
2024-07-08 0:49:06,2024-07-08 0:49:41,0,100,34,1,2024-07-08 0:49,R_2gNNYoQfnE3LKMK,anonymous,HE,67673,62140
2024-07-07 23:44:06,2024-07-07 23:44:18,0,100,12,1,2024-07-07 23:44,R_269bGhFUjKOp64K,anonymous,HE,67766,67487
2024-07-11 5:02:02,2024-07-11 5:02:34,0,100,32,1,2024-07-11 5:02,R_4lsP1tsoEPsXz21,anonymous,HE,68596,58133
2024-07-10 9:28:06,2024-07-10 9:28:31,0,100,24,1,2024-07-10 9:28,R_2woFkGIsy7c7YD4,anonymous,HE,68806,97828
2024-07-08 0:31:55,2024-07-08 0:32:06,0,100,11,1,2024-07-08 0:32,R_8riFhSaL8LjSKlR,anonymous,HE,70022,17724
2024-07-09 7:20:44,2024-07-09 7:20:52,0,100,7,1,2024-07-09 7:20,R_8fleFMvLC9JmQ20,anonymous,HE,70022,33064
2024-07-08 3:33:15,2024-07-08 3:33:32,0,100,17,1,2024-07-08 3:33,R_4ANo4f06iUoixn0,anonymous,HE,70195,77256
2024-07-08 1:06:41,2024-07-08 1:06:54,0,100,12,1,2024-07-08 1:06,R_4CAUQFKsyJDZr10,anonymous,HE,71095,80297
2024-07-08 2:38:38,2024-07-08 2:38:53,0,100,15,1,2024-07-08 2:38,R_8f3fYebHZQGMlib,anonymous,HE,71531,15314
2024-07-08 7:10:49,2024-07-08 7:11:14,0,100,25,1,2024-07-08 7:11,R_4gva9Y71Qhxrhnz,anonymous,HE,71761,72713
2024-07-09 5:20:25,2024-07-09 5:20:45,0,100,19,1,2024-07-09 5:20,R_4UiucB2mcHcPbQ5,anonymous,HE,71998,35627
2024-07-08 2:23:03,2024-07-08 2:23:26,0,100,22,1,2024-07-08 2:23,R_2SkF81wm1A19SOl,anonymous,HE,72105,73142
2024-07-11 4:53:57,2024-07-11 4:54:16,0,100,19,1,2024-07-11 4:54,R_8AWMmTke1AsGjRb,anonymous,HE,72105,91892
2024-07-10 1:11:48,2024-07-10 1:11:57,0,100,9,1,2024-07-10 1:11,R_24iVj7qR0FL56ze,anonymous,HE,72413,18863
2024-07-09 0:07:53,2024-07-09 0:08:04,0,100,11,1,2024-07-09 0:08,R_4MQJZh4Q8rKIfyn,anonymous,HE,72883,32497
2024-07-09 4:00:59,2024-07-09 4:01:19,0,100,19,1,2024-07-09 4:01,R_8rc4V1T8YF81wyE,anonymous,HE,74805,32459
2024-07-09 3:55:01,2024-07-09 3:55:16,0,100,15,1,2024-07-09 3:55,R_2pVu1G47n3vqfvi,anonymous,HE,74873,67080
2024-07-08 1:01:57,2024-07-08 1:02:14,0,100,16,1,2024-07-08 1:02,R_2yarxLzKx9VUapT,anonymous,HE,74884,79552
2024-07-08 4:17:04,2024-07-08 4:17:41,0,100,37,1,2024-07-08 4:17,R_21cw9MKAme0D5Rc,anonymous,HE,76475,32073
2024-07-09 1:33:08,2024-07-09 1:33:33,0,100,24,1,2024-07-09 1:33,R_85YPFn44FOG5GbM,anonymous,HE,76898,97098
2024-07-07 14:31:11,2024-07-07 14:31:29,0,100,17,1,2024-07-07 14:31,R_8jffS2iLSKBVnA5,anonymous,HE,77477,46992
2024-07-08 2:04:32,2024-07-08 2:04:42,0,100,10,1,2024-07-08 2:04,R_4Eak4lXwn2JndTl,anonymous,HE,77977,75173
2024-07-08 3:40:46,2024-07-08 3:41:03,0,100,16,1,2024-07-08 3:41,R_2dcLIuYI1y8dRPD,anonymous,HE,78094,72085
2024-07-08 0:18:09,2024-07-08 0:18:23,0,100,14,1,2024-07-08 0:18,R_416DQjfMcj9YHTf,anonymous,HE,78167,31645
2024-07-08 6:03:12,2024-07-08 6:03:26,0,100,13,1,2024-07-08 6:03,R_2QggyBpvGMCGfUS,anonymous,HE,79430,14137
2024-07-08 2:12:10,2024-07-08 2:12:25,0,100,14,1,2024-07-08 2:12,R_28YulhAjAqU00rr,anonymous,HE,80156,24770
2024-07-08 0:29:03,2024-07-08 0:29:11,0,100,8,1,2024-07-08 0:29,R_4plIda4qw7XgzMY,anonymous,HE,80219,75595
2024-07-07 18:31:35,2024-07-07 18:31:48,0,100,13,1,2024-07-07 18:31,R_4tncNvG9mHEcAh7,anonymous,HE,81868,60352
2024-07-10 5:20:31,2024-07-10 5:20:45,0,100,14,1,2024-07-10 5:20,R_2qevwTobGUhxf7Z,anonymous,HE,82116,45446
2024-07-07 14:42:19,2024-07-07 14:42:42,0,100,22,1,2024-07-07 14:42,R_2zD4kWZAjINu8AB,anonymous,HE,83127,21265
2024-07-08 0:03:17,2024-07-08 0:03:52,0,100,34,1,2024-07-08 0:03,R_2owitkSVGxP40lt,anonymous,HE,83219,94557
2024-07-07 15:03:04,2024-07-07 15:03:22,0,100,17,1,2024-07-07 15:03,R_4CeyoRlQPZd5LAF,anonymous,HE,83936,18710
2024-07-08 1:52:22,2024-07-08 1:53:03,0,100,40,1,2024-07-08 1:53,R_4JLw16Y8xSHOGl7,anonymous,HE,83983,93689
2024-07-08 9:52:30,2024-07-08 9:52:48,0,100,17,1,2024-07-08 9:52,R_4SjF42Xa1sJXnqN,anonymous,HE,84581,41834
2024-07-08 0:06:34,2024-07-08 0:06:55,0,100,21,1,2024-07-08 0:06,R_4ZP5am3tTUrxLgd,anonymous,HE,84609,57768
2024-07-09 10:04:42,2024-07-09 10:04:53,0,100,11,1,2024-07-09 10:04,R_2Dppjq9JOZockiw,anonymous,HE,86311,51513
2024-07-08 0:54:07,2024-07-08 0:54:28,0,100,21,1,2024-07-08 0:54,R_4rxCVdbVZcbYtOE,anonymous,HE,86538,43834
2024-07-08 1:15:19,2024-07-08 1:15:27,0,100,8,1,2024-07-08 1:15,R_4HzeJzVRxYJd9AQ,anonymous,HE,86538,18759
2024-07-09 3:40:19,2024-07-09 3:40:32,0,100,12,1,2024-07-09 3:40,R_8PbNmz5KUp1Kpit,anonymous,HE,87953,30348
2024-07-08 7:14:31,2024-07-08 7:15:00,0,100,28,1,2024-07-08 7:15,R_4Jh7t6J4AHkYYUh,anonymous,HE,88455,95764
2024-07-10 13:53:32,2024-07-10 13:53:46,0,100,14,1,2024-07-10 13:53,R_8LcXAQupblP0WDy,anonymous,HE,88492,79873
2024-07-08 12:04:12,2024-07-08 12:04:43,0,100,30,1,2024-07-08 12:04,R_2FEBBB4pK7Bfdqp,anonymous,HE,89142,19356
2024-07-08 12:04:46,2024-07-08 12:04:54,0,100,7,1,2024-07-08 12:04,R_23ZCpwP525IDidX,anonymous,HE,89142,82491
2024-07-09 4:20:24,2024-07-09 4:20:48,0,100,23,1,2024-07-09 4:20,R_2ALtlP3QHi5DNDr,anonymous,HE,90639,63268
2024-07-08 1:24:13,2024-07-08 1:24:26,0,100,12,1,2024-07-08 1:24,R_2LhrT2JXK496d3Y,anonymous,HE,91188,48479
2024-07-07 14:21:35,2024-07-07 14:21:56,0,100,21,1,2024-07-07 14:21,R_4zC0HBVa52Vk7Ec,anonymous,HE,91699,97961
2024-07-09 4:46:39,2024-07-09 4:46:50,0,100,10,1,2024-07-09 4:46,R_2gqkISdpxn7gJHR,anonymous,HE,91699,72910
2024-07-09 1:27:00,2024-07-09 1:27:12,0,100,11,1,2024-07-09 1:27,R_8zowVzzOH0BaA2S,anonymous,HE,92081,47419
2024-07-08 1:18:38,2024-07-08 1:18:59,0,100,21,1,2024-07-08 1:19,R_2oZQTRtpzRGfiHn,anonymous,HE,92862,35903
2024-07-08 1:06:18,2024-07-08 1:06:30,0,100,12,1,2024-07-08 1:06,R_8Pcrzh5IMRkiF7M,anonymous,HE,94413,31241
2024-07-10 2:44:13,2024-07-10 2:44:35,0,100,21,1,2024-07-10 2:44,R_8EZO0C4k8ZaaRrt,anonymous,HE,94929,94347
2024-07-10 9:36:46,2024-07-10 9:36:53,0,100,6,1,2024-07-10 9:36,R_8BhrSCE6cHMi2Xs,anonymous,HE,95111,88961
2024-07-10 9:47:36,2024-07-10 9:47:45,0,100,8,1,2024-07-10 9:47,R_8j8tAKzZHMBDPuu,anonymous,HE,95111,53515
2024-07-08 4:41:15,2024-07-08 4:41:29,0,100,14,1,2024-07-08 4:41,R_42EOEitPdAeninY,anonymous,HE,95771,16264
2024-07-08 2:25:22,2024-07-08 2:25:32,0,100,9,1,2024-07-08 2:25,R_2Q44gwT2tkc5pwi,anonymous,HE,95815,29488
2024-07-08 1:23:47,2024-07-08 1:24:03,0,100,16,1,2024-07-08 1:24,R_4JVDlLvucoZQ7p3,anonymous,HE,95940,90832
2024-07-11 6:08:16,2024-07-11 6:08:24,0,100,7,1,2024-07-11 6:08,R_41MaxaIruyUyXyV,anonymous,HE,97104,94842
2024-07-10 2:07:07,2024-07-10 2:07:38,0,100,30,1,2024-07-10 2:07,R_83ead11PrtW6WLI,anonymous,HE,97515,49659
2024-07-10 5:29:28,2024-07-10 5:29:40,0,100,12,1,2024-07-10 5:29,R_2JV2mE542E0U4w1,anonymous,HE,97544,77865
2024-07-08 13:56:48,2024-07-08 13:57:06,0,100,17,1,2024-07-08 13:57,R_41jO9MsxQAf8UZX,anonymous,HE,97715,70561
2024-07-07 23:30:37,2024-07-07 23:30:59,0,100,21,1,2024-07-07 23:30,R_8Ordt6pYOiavDiy,anonymous,HE,97727,58332
2024-07-09 2:33:51,2024-07-09 2:34:10,0,100,18,1,2024-07-09 2:34,R_4Nf6qOSwwexBVIB,anonymous,HE,97948,95908
2024-07-09 2:40:22,2024-07-09 2:40:34,0,100,11,1,2024-07-09 2:40,R_4alAhX3FN6rwra9,anonymous,HE,97948,61922
2024-07-10 10:38:08,2024-07-10 10:38:15,0,100,6,1,2024-07-10 10:38,R_2ygDeUHNvcnWyJQ,anonymous,HE,97948,58115
2024-07-11 1:45:19,2024-07-11 1:45:26,0,100,7,1,2024-07-11 1:45,R_8DugvBhT7wWtQjL,anonymous,HE,97948,46521
2024-07-09 4:41:54,2024-07-09 4:42:00,0,100,6,1,2024-07-09 4:42,R_8lrJQoO0AS4O02y,anonymous,HE,98018,55770
2024-07-10 5:22:31,2024-07-10 5:22:49,0,100,18,1,2024-07-10 5:22,R_2H1TVXJUeWyO5kk,anonymous,HE,98037,78823
2024-07-10 6:28:42,2024-07-10 6:29:00,0,100,17,1,2024-07-10 6:29,R_4Iaa9KQAeR7jwXk,anonymous,HE,98606,71822
2024-07-10 6:29:12,2024-07-10 6:29:18,0,100,5,1,2024-07-10 6:29,R_4YXOYIGgoOOOlO8,anonymous,HE,98606,46110
